German,English
ich,I
sie,she
das,the
ist,is
du,you
nicht,not
die,the
es,it
und,and
der,the
wir,we
was,What
zu,to
er,he
ein,a
in,in
ja,Yes
mir,to me
mit,with
wie,How
den,the
mich,me
auf,on
dass,that
aber,but
eine,one
so,so
hat,has
hier,here
haben,have
für,for
sind,are
war,was
von,from
wenn,if
dich,you
ihr,her
nein,no
habe,have
an,at
bin,am
noch,still
nur,only
da,there
dir,to you
sich,itself
einen,a
uns,us
hast,have
dem,to the
kann,can
gut,good
auch,also
schon,already
als,as
sein,be
mal,just
jetzt,now
ihn,him
dann,then
aus,out of
meine,think
um,around
im,in the
wird,becomes
mein,my
bist,are you
doch,but
alles,everything
weiß,white
keine,no
oder,or
nach,after
s,S
nichts,nothing
man,one
muss,must
werden,become
will,want
ihnen,them
geht,goes
wo,where
etwas,something
oh,Oh
mehr,more
bei,at
also,so
bitte,please
immer,always
hab,have
warum,Why
vor,before
los,Come on
können,can
wieder,again
sagen,say
machen,make
danke,Thanks
sehr,very
alle,all
denn,then
mann,man
tun,do
ihm,him
zum,for the
gehen,go
sehen,see
vielleicht,perhaps
einem,a
wer,who
ihre,her
diese,this
euch,you
einer,one
komm,come
über,above
gibt,gives
okay,OK
wissen,knowledge
deine,your
müssen,must
soll,should
werde,become
nie,never
wirklich,really
hey,hey
kein,no
viel,much
weg,away
würde,would
tut,does
am,at the
des,of
einfach,simply
leben,life
hatte,had
zeit,time
weil,because
willst,want
kommen,come
dein,your
heute,today
kommt,comes
wollen,want
damit,with it
ganz,quite
wäre,were
wollte,wanted
weißt,white
ok,OK
sicher,secure
gesagt,said
frau,woman
nun,so
bis,until
wurde,became
leid,sorrow
na,n / A
kannst,can
macht,might
dieser,this
zurück,return
lassen,permit
hallo,Hello
meinen,think
gott,God
seine,his
hätte,had
zwei,two
könnte,could
genau,Exactly
waren,were
zur,to the
lass,let
klar,clear
morgen,morning
leute,people
vater,father
schön,nice
glaube,believe
mr.,mr.
ab,away
gerade,straight
tag,Day
gesehen,seen
reden,talk
wohl,probably
liebe,love
sollte,should
sagte,said
unsere,our
jemand,someone
geld,money
durch,through
ob,if
keinen,no
mutter,mother
raus,out
gemacht,made
paar,pair
mach,make
passiert,happens
dachte,thought
besser,better
musst,must
wieso,how come
sir,sir
dieses,this
selbst,self
gehört,heard
möchte,would like
ohne,without
hör,listening
her,from
sag,say
meiner,mine
anderen,others
helfen,help
nacht,night
finden,find
diesen,this
gute,good
wirst,become
lange,longing
natürlich,naturally
ach,Oh
meinem,my
gar,even
ins,into the
sei,may be
dort,there
weiter,further
geben,give
seit,since
gleich,even
sagt,says
recht,right
ihren,your
richtig,correct
ordnung,order
vom,from the
hören,hear
sieht,sees
davon,of that
dafür,for this
geh,walk
diesem,this
wegen,because of
hause,home
sollten,should
mädchen,girl
hin,there
sollen,should
abend,evening
haus,a house
denke,think
viele,many
drei,three
deinen,yours
freund,friend
guten,good
unser,our
warte,wait
machst,make
menschen,people
essen,eat
angst,fear
bleiben,remain
zusammen,together
welt,world
unter,under
habt,have
schnell,fast
andere,other
tot,dead
getan,did
darf,may
erst,first
rein,pure
stimmt,is correct
nehmen,take
kinder,children
eines,one
glauben,believe
bringen,bring
ganze,entire
genug,enough
scheiße,Fuck
brauchen,need
gegen,against
moment,moment
junge,young
steht,stands
sonst,otherwise
musik,music
arbeit,work
seid,are
ihrer,of their
fragen,questions
herr,Mr
dabei,included
heißt,is called
familie,family
warten,wait
niemand,no one
sofort,immediately
bevor,before
jahre,years
einmal,once
problem,problem
sohn,son
wann,When
brauche,need
fertig,complete
halt,just
allein,alone
beim,at the
sprechen,speak
beide,both
gefunden,found
hatten,had
sache,matter
hilfe,help
verdammt,damned
ne,ne
jeder,everyone
warst,beings
gern,gladly
konnte,could
darüber,about it
halten,hold
siehst,see
verstehe,understand
jahren,years
kam,came
kind,child
wusste,knew
wahr,true
seinen,his
dazu,in addition
bruder,brother
daran,to it
ihrem,hers
denken,think
könnten,might
dank,thanks to
würden,would
lieber,Dear
fall,case
deiner,yours
sehe,see
egal,doesn't matter
kennen,know
deinem,yours
vergessen,forget
frage,ask
mache,make
komme,come
sage,legend
mag,like
sieh,see
echt,Really
gib,give
eigentlich,actually
jeden,every
dad,dad
gab,gave
uhr,clock
stadt,city
männer,men
baby,infant
fahren,drive
namen,names
bekommen,receive
kopf,head
hi,Hi
gehe,go
kleine,small
später,later
glück,happiness
letzte,last
freunde,friends
n,n
all,Alles
darauf,on it
ende,end
dr.,Dr.
bald,soon
töten,kill
dinge,things
meinst,mean
toll,Great
eins,one
minuten,minute
vielen,many
bereit,ready
weit,far
ahnung,idea
seiner,his
bisschen,a little
tür,door
auto,automobile
jungs,guys
eure,your
augen,eyes
polizei,police
stehen,stand
sterben,die
hätten,have
draußen,outside
kenne,know
fast,nearly
runter,down
vorbei,over
treffen,meet
gerne,gladly
dran,your turn
wurden,became
arbeiten,work
mom,mom
verrückt,crazy
neue,new
ging,went
hinter,behind
sorgen,care for
einzige,only
jemanden,someone
darum,therefore
tochter,daughter
braucht,needs
idee,idea
schwester,sister
drin,in it
ruhig,quiet
sah,saw
ganzen,entire
spät,late
ziemlich,quite
solltest,should
name,Surname
sogar,even
kurz,short
kerl,Guy
frauen,women
liegt,lies
suchen,seek
finde,find
je,ever
woher,from where
lang,long
job,job
keiner,none
seinem,his
hört,hear
verstehen,understand
spielen,play
s.,s.
überhaupt,at all
teufel,devil
verstanden,understood
verloren,lost
große,size
hand,hand
grund,ground
jahr,year
kommst,come
mama,mummy
ruhe,quiet
gewesen,been
tod,death
stunden,hours
hoffe,hope
denkst,thinking
oben,above
gestern,yesterday
versuchen,attempt
art,kind
letzten,last
schatz,treasure
endlich,finally
he,hey
nimm,take
etwa,approximately
erzählt,told
läuft,runs
schwer,difficult
anders,different
miss,miss
musste,had to
fünf,five
wasser,water
lässt,leaves
erste,first
versucht,tried
gekommen,came
geschichte,story
wenig,few
holen,fetch
bedeutet,means
nett,kind
wahrheit,truth
woche,week
bringt,brings
deshalb,for this reason
welche,which
bestimmt,certainly
hoch,high
alter,age
sagst,say
schau,look
ah,ah
land,country
zimmer,room
wagen,car 
vier,four
gefallen,please
spaß,fun
niemals,never
schuld,fault
getötet,killed
wollten,wanted to
verlassen,leave
zeigen,show
beste,best
ernst,serious
unserer,ours
denen,whom
ort,location
bleibt,remains
würdest,would
manchmal,sometimes
glaubst,believe
seite,page
lasst,leaves
zwischen,between
eben,even
während,while
spiel,game
nehme,take
ersten,first
guter,goods
chance,chance
freundin,girlfriend
krieg,war
gefällt,pleases
kleinen,small
erzählen,tell
anderes,other
tage,days
entschuldigen,excuse
wichtig,important
gehst,walking
allen,all
bett,bed
mrs.,Mrs.
sachen,things
the,the
schlecht,bad
schule,school
entschuldigung,excuse
wort,word
john,John
hättest,would have
wären,be
typ,Type
schlafen,sleep
äh,ah
tu,TU
euer,your
captain,captain
gesicht,face
falls,if
neuen,new
bloß,just
unten,below
teil,part
beiden,both
mensch,person
kleiner,smaller
stellen,place
oft,often
sorge,worries
gedacht,thought
tust,tust
trinken,drink
einige,some
dies,this
ding,thing
unseren,ours
kriegen,get
blut,blood
ehrlich,honest
eltern,parents
scheint,appears
herz,heart
jack,Jack
glücklich,happy
alte,old
alt,old
bleib,stay
wiedersehen,reunite
frei,free
wen,whom
drauf,on it
möglich,possible
irgendwie,somehow
reicht,suffices
fest,firmly
besten,best
waffe,weapon
kaum,barely
irgendwas,anything
klingt,sounds
platz,place
brauchst,needs
rede,speech
papa,father
falsch,incorrect
sondern,rather
alten,old
nummer,number
früher,earlier
jungen,boys
wohin,to where
außer,except
früh,early
setzen,set
zuerst,first
wahrscheinlich,probably
dürfen,may
jede,every
arsch,ass
telefon,phone
tue,do
kennst,know
willkommen,welcome
plan,plan
großen,huge
retten,rescue
hierher,here
wär,would be
bring,bring
fehler,mistake
wollt,want
dollar,dollar
zehn,ten
allem,all
pass,passport
nächste,next
stunde,hour
hände,hands
gegeben,given
menge,crowd
langsam,slow
bereits,already
wartet,waiting
sechs,six
lieben,love
meines,mine
büro,office
nächsten,next
gebe,gift
wochen,weeks
ruf,call
schaffen,create
leider,unfortunately
scheiß,shit
hölle,hell
trotzdem,despite it
doktor,doctor
tja,well
new,new
voll,full
film,Movie
überall,overall
hund,dog
geworden,become
direkt,direct
wolltest,wanted
tat,did
denkt,thinks
schiff,ship
neues,new
wem,whom
könig,king
danach,thereafter
funktioniert,functions
hattest,hate
lernen,learn
deswegen,because of this
wow,Wow
nennen,to name
hm,Hm
feuer,fire
laufen,run
alleine,alone
erinnern,remember
völlig,fully
kleines,small
könnt,can
stelle,Job
kumpel,Dude
verlieren,lose
probleme,problems
spricht,speaks
kaffee,coffee
luft,air
fand,found
i,I
entschuldige,excuse
ziehen,pull
verschwinden,disappear
könntest,might
seht,look
aufhören,stop
eigenen,own
richtige,right one
unserem,ours
suche,seek
zwar,that is
groß,large
hol,brow
buch,a book
krank,sick
fühle,feel
jedes,every
verstehst,understand
wert,value
arzt,physician
froh,joyful
versuche,try
straße,street
rufen,call
heiraten,marry
super,Excellent
sam,sam
lebt,lives
gutes,good
lasse,let
onkel,uncle
total,total
gebracht,brought
party,party
erklären,explain
spielt,plays
wahl,choice
vertrauen,trust
damals,at that time
tagen,days
leicht,light
nachdem,after
gegangen,went
gefühl,feeling
kaufen,buy
geschafft,done
typen,guy
interessiert,interested
möchten,would like
halte,hold
hält,holds
glaub,belief
irgendwo,somewhere
stück,piece
genauso,just as
kennt,knows
genommen,taken
zukunft,future
weniger,fewer
cool,cool
licht,light
getroffen,met
himmel,heaven
nachricht,news
drüben,over there
passt,fits
sagten,said
kümmern,take care of
laut,loud
vergiss,forgetful
angerufen,called
sitzen,sit
daß,that
erde,earth
großer,greater
schlüssel,key
rest,rest
passieren,happen
eher,rather
gefragt,asked
gefängnis,jail
opfer,victim
körper,body
solche,such
mist,damn
mr,MR
findet,find
schreiben,write
böse,mean
gesprochen,spoken
versuch,attempt
vorstellen,introduce
wovon,About what
sobald,as soon
nochmal,once again
herren,Men's
sex,sex
waffen,weapons
wohnung,apartment
weh,sore
heißen,be called
krankenhaus,hospital
bringe,bring
höre,listen
millionen,millions
klasse,class
hart,hard
worden,gone
sinn,sense
außerdem,aside from that
verletzt,injured
ändern,change
erfahren,experience
tragen,carry
wenigstens,at least
vorsichtig,cautious
daddy,daddy
stolz,proud
stark,strong
fällt,fall
möchtest,want
leuten,people
besonders,particularly
schöne,lovely
schicken,send
person,person
schätze,appreciate
solange,as long as
länger,longer
großartig,great
lacht,laughs
anrufen,call up
stand,was standing
redest,speech
fühlen,feel
erwartet,expected
boden,floor
boss,boss
stimme,voice
glaubt,believe
still,quiet
sicherheit,security
setz,setting
ma,MA
mund,mouth
kämpfen,battle
wisst,know
lachen,laugh
hörst,hear
zeug,things
lustig,fun
umbringen,kill
sollst,thorough
hasse,hate
schlimm,terrible
o,O
unglaublich,unbelievable
wärst,be
laden,load
führen,to lead
gestorben,died
schauen,look
meinung,opinion
lesen,read
mörder,murderer
frank,frank
ähm,um
geschehen,happen
geschäft,business
idiot,idiot
verzeihung,forgiveness
fliegen,fly
zeig,show
team,team
general,general
mike,Mike
aufs,onto
york,York
vorher,beforehand
schluss,ending
schneller,more quickly
liebt,loved
verdient,earned
mögen,like
meisten,most
denk,think
umgebracht,killed
perfekt,perfect
versprochen,promised
handy,mobile
hinten,rear
monate,months
erinnere,remind
acht,eight
arbeitet,is working
fallen,fall
rufe,calls
nötig,necessary
a,A
mord,murder
heraus,out of here
tages,day
unmöglich,impossible
liebling,darling
charlie,Charlie
tatsächlich,actually
folgen,consequences
bitten,request
behalten,keep
nähe,vicinity
arbeite,work
joe,Joe
verdammte,damn
plötzlich,suddenly
lebens,life
hole,hole
tisch,table
michael,Michael
hörte,heard
jemals,ever
liegen,lay
verkaufen,sell
gefährlich,dangerous
anfangen,begin
bekommt,receives
machte,made
ha,Ha
hotel,hotel
hilft,helps
werdet,become
meister,master
kampf,battle
antwort,answer
konnten,could
geschickt,sent
jedem,each
obwohl,although
sieben,seven
komisch,funny
gewinnen,win
ihres,hers
bezahlt,paid
you,you
voller,full of
unterwegs,traveling
dumm,dumb
ärger,aggravation
bild,picture
george,George
neu,new
bezahlen,pay
dagegen,against it
seien,be
starb,died
tom,Tom
monaten,months
leiche,corpse
niemanden,nobody
auge,eye
arschloch,asshole
verheiratet,married
peter,Peter
zieh,pull
nimmt,takes
gerettet,rescued
agent,agent
traum,dream
entscheidung,decision
schlimmer,worse
regeln,rules
fenster,window
fangen,catch
fort,on
ständig,constant
findest,find
gefahr,danger
absolut,absolutely
mary,Mary
augenblick,moment
bescheid,notice
rum,rum
gedanken,thoughts
werd,werry
ziel,goal
benutzt,used
bewegung,movement
jemandem,someone
wünschte,wish
worte,words
kamen,came
welcher,which
zahlen,pay
anfang,beginning
legen,place
erinnerst,remembered
anwalt,attorney
fahr,driving
sitzt,sitting
hilf,help
offen,open
schönen,nice
monsieur,Monsieur
müsste,should
arme,poor
bier,beer
fürs,for
partner,partner
klein,small
david,David
klappe,flap
süß,sweet
herum,hereabouts
finger,finger
ehe,before
rolle,role
ließ,left
gleiche,same
monat,month
hochzeit,marriage
max,Max
führt,leads
paris,Paris
wach,awake
wozu,for what reason
arm,poor
geschrieben,written
chef,boss
benutzen,use
informationen,information
erledigt,completed
hoffentlich,hopefully
müsst,must
fühlt,feels
tanzen,dance
ansehen,view
darfst,may
zuhause,at home
wunderbar,wonderful
hältst,hold
reise,trip
gewonnen,won
dame,lady
irgendwann,sometime
chffffff,CHFFFFFF
alex,Alex
steckt,plugged
jedenfalls,in any case
schreit,cries
tolle,great
rüber,over
tschüss,bye
nennt,names
raum,space
heiß,hot
foto,photo
kalt,cold
paul,Paul
irgendetwas,anything
weile,while
bisher,until now
minute,minute
unbedingt,absolutely
zug,train
sekunden,seconds
wofür,for what
erzähl,tell
nen,nen
beweise,proofs
nahm,took
aller,all
freut,is happy
seele,soul
schießen,shoot
müde,tired
dauert,lasts
magst,like
harry,Harry
brief,letter
gelernt,learned
sucht,seeks
bekannt,known
weitere,further
unfall,accident
dahin,then
kontrolle,control
beispiel,example
lady,lady
dasselbe,the same thing
herzen,heart
schlagen,hit
wütend,furious
weise,way
damen,ladies
darin,in this
gottes,God
holt,get
fehlt,is missing
vorsicht,caution
heiße,name is
beweisen,prove
gehabt,had
zumindest,at least
vermisst,missing
hübsch,pretty
kriegt,gets
verbindung,connection
tief,deep
richtung,direction
lage,location
sowieso,anyway
kraft,power
normal,normal
lauf,run
ehre,honor
stell,stall
geschenk,gift
bar,bar
tasche,bag
gelesen,had read
gekauft,bought
wussten,knew
gestohlen,stolen
hunger,hunger
leg,leg
lügen,lie
beziehung,relationship
ben,ben
verschwunden,disappeared
steh,standing
nächstes,next
gearbeitet,worked
preis,price
witz,joke
meinte,meant
liste,list
geist,spirit
neben,next to
gesucht,sought
firma,company
süße,sweetness
rücken,move
schrecklich,terrible
letzter,last
verliebt,in love
öffnen,open
redet,talking
boot,boat
seltsam,strange
versteckt,hidden
fürchte,fear
verschwinde,disappear
erwischt,caught
verkauft,sold
tante,aunt
erwarten,expect
pferd,horse
wunder,wonder
sauer,sour
vermutlich,allegedly
näher,closer
major,major
jung,young
majestät,majesty
aussehen,look
ans,ans
de,de
and,and
links,Left
großes,big
welches,which
beschützen,to protect
geboren,born
erreichen,to reach
punkt,point
kindern,children
kirche,church
verraten,reveal
selber,himself
befehl,command
colonel,colonel
fährt,moves
zieht,pull
geburtstag,birthday
haut,skin
wette,bet
reich,rich
sekunde,second
fahre,drive
schwöre,swear
geredet,talked out
james,James
madame,Madame
eigene,own
zeiten,times
traurig,sad
anruf,phone call
nachrichten,news
frieden,peace
karte,map
güte,quality
euren,yours
diesmal,this time
schade,Pity
persönlich,personal
kriege,wars
stirbt,dies
bleibe,stay
verändert,changes
sonne,sun
lieb,dear
nämlich,namely
letztes,last
bekam,got
ruft,calls
professor,professor
gericht,court
nase,nose
ewig,eternal
singen,to sing
bank,Bank
beschäftigt,occupied
computer,computer
yeah,yeah
toten,kill
weihnachten,Christmas
offensichtlich,apparently
naja,Oh well
henry,henry
gefühle,feelings
fuß,foot
show,show
überraschung,surprise
geheimnis,secret
fbi,FBI
kontakt,Contact
gold,gold
drogen,drugs
regierung,government
wein,wine
kriegst,get
ermordet,murdered
fotos,photos
entfernt,removed
geschlafen,slept
manche,some
erledigen,complete
ran,ran
gegenüber,across from
schlaf,sleep
lust,desire
wunderschön,beautiful
witzig,funny
nick,nick
zerstört,destroyed
übrigens,by the way
willen,sake
heim,home
richtigen,right
deines,yours
namens,called
zeigt,shows
geliebt,loved
gehören,belong
brachte,brought
herrn,Mr
blick,view
besuch,visit
schlechte,bad
bewegen,move
haare,hair
antworten,answer
präsident,president
sagtest,says
hoffnung,hope
stecken,put
lebe,live
rechts,to the right
interessant,Interesting
entscheiden,decide
miteinander,commonality
meint,means
liebst,loving
indem,in which
bleibst,stay
kümmere,care
wohnen,reside
weder,neither
möglichkeit,possibility
kaputt,broken
bekomme,get
flugzeug,airplane
vergangenheit,past
anderer,another
zweite,second
armee,army
jim,Jim
tee,tea
entweder,either
weiss,white
don,Don
detective,detective
aufhalten,stop
stellt,places
verspreche,promise
überrascht,surprised
sauber,clean
hau,hood
mark,mark
schlag,punch
sheriff,sheriff
untertitel,subtitle
setzt,puts
frag,question
vaters,father
nervös,nervous
gesellschaft,company
verstecken,hide
schuldig,guilty
hals,neck
schützen,protection
besuchen,visit
of,of
passen,fit
überleben,survive
erhalten,receive
teilen,split
gebäude,building
schicksal,fate
zeichen,sign
richter,judge
besorgt,concerned
küche,kitchen
lief,ran
vergnügen,enjoyment
wüsste,desire
volk,people
lhr,LHR
herausfinden,find out
königin,queen
soldaten,soldiers
feiern,celebrate
situation,situation
lag,lag
gelassen,calmly
allerdings,however
soweit,so far
gefahren,driven
verstand,understanding
bord,board
schönes,beautiful
jimmy,Jimmy
billy,Billy
angefangen,begun
lee,lee
fühlst,feel
bob,bob
mussten,had to
rat,advice
worauf,whereupon
gebeten,requested
tony,tony
kamera,camera
achtung,danger
lieutenant,lieutenant
ganzes,whole
schuhe,shoes
sarah,Sarah
glückwunsch,congratulations
niemandem,no one
gibst,give
statt,instead of
übernehmen,take over
gegend,area
wald,forest
al,al
la,la
nimmst,take
danny,Danny
erkennen,recognize
glas,glass
falsche,wrong
verantwortlich,responsible
jesus,Jesus
stöhnt,groaned
herein,in
kleid,a dress
zerstören,destroy
jawohl,yes indeed
london,London
gegessen,eaten
abendessen,dinner
gesetz,law
gemeinsam,together
geholfen,helped
erster,first
wohnt,lives
schritt,step
guck,look
nahe,vicinity
aussieht,looks
beginnen,begin
dachten,thought
band,tape
ungefähr,approximately
aufgabe,task
neun,nine
furchtbar,terrible
drinnen,inside
zuvor,before
charles,Charles
freue,am happy
amerika,America
übrig,left over
spur,track
falschen,false
sergeant,sergeant
melden,report
helfe,help
werfen,throw
bill,bill
haltet,hold
erinnert,remind
hängt,hangs
freude,joy
ehemann,husband
erschossen,shot
verzeihen,pardon
schwein,pig
uh,uh
monster,monster
entschieden,decided
mission,mission
verdammten,damn
brauch,custom
gewusst,knew
vorne,in front
stopp,stop
übel,bad
schlampe,slut
schöner,more beautiful
adresse,address
unsinn,nonsense
messer,knife
gesund,healthy
respekt,respect
pro,Per
leisten,afford
davor,before
richard,Richard
bedeuten,mean
ball,ball
mitnehmen,take along
gespielt,played
to,to
schwierigkeiten,difficulties
hälfte,half
kannte,knew
stehe,stand
maria,Maria
planeten,planet
schwanger,pregnant
gruppe,group
anna,Anna
verhaftet,arrested
deal,deal
seines,his
irgendwelche,any
händen,hands
versteht,understands
drehen,turn
eis,ice
danken,to thank
erfolg,success
zufrieden,satisfied
schließen,close
besorgen,obtain
wochenende,weekend
worüber,about what
stimmen,voices
nehmt,take
martin,Martin
m,m
witze,jokes
beine,legs
verbrechen,crime
bericht,report
nachts,at night
eurer,yours
prinzessin,princess
schmerz,pain
klingelt,rings
position,position
echte,real
gleichen,resemble
fernsehen,TV
wünsche,wishes
schließlich,finally
gefangen,caught
schätzchen,baby
seh,see
schwierig,difficult
angebot,offer
nah,close
jane,Jane
gewartet,waited
kümmert,takes care
ring,ring
rennen,run
lied,song
eier,egg
welchen,which
sorry,sorry
fantastisch,fantastic
schaut,looks
hielt,held
falle,cases
drink,drink
insel,island
dauern,last
daher,therefore
zufällig,coincidentally
dorf,village
clark,Clark
bewegt,emotional
mitten,in the middle
bullen,cops
feind,enemy
einverstanden,agreed
neuer,news
bauen,build
trägt,carries
hängen,hang
freunden,friends
deren,whose
halb,half
verpasst,lost
sprach,speech
leise,quiet
armen,arm
wusstest,chewing test
fanden,found
unternehmen,company
träume,dreams
schläft,is sleeping
kostet,costs
spiele,game
unseres,ours
entlang,along
johnny,Johnny
versprechen,promise
tiere,animals
freiheit,freedom
verdienen,earn
aha,Aha
unterhalten,converse
eingeladen,invited
schaden,damage
genannt,called
beenden,end
ray,ray
geändert,changed
thomas,Thomas
lächerlich,ridiculous
geschlagen,beaten
park,park
schätzen,treasure
männern,male
t,T
beginnt,begins
ehren,to honor
größte,greatest
energie,energy
fleisch,meat
besonderes,special
besteht,consists
reichen,are sufficient
robert,Robert
zeitung,newspaper
worum,what
nachgedacht,thoughtful
betrunken,drunk
sowas,like this
patienten,patient
gespräch,conversation
leiden,Suffer
taxi,taxi
tötet,killed
see,lake
unterschied,difference
wind,wind
singt,sings
schreien,scream
daniel,Daniel
sahen,saw
wand,wall
bus,bus
lhre,lhre
angriff,attack
verhalten,behave
loch,hole
interesse,interest
treten,step
quatsch,nonsense
trifft,meets
polizist,police officer
blumen,flower
neuigkeiten,news
bringst,brings
flasche,bottle
rief,called
schuss,shot
fassen,grasp
meer,sea
konntest,can
schafft,creates
maschine,machine
spreche,speak
bein,leg
eddie,Eddie
bekommst,get
verbringen,spend
bücher,Books
blöd,silly
frühstück,breakfast
tommy,Tommy
meter,meter
bilder,pictures
aufpassen,watch after
claire,claire
dessen,whose
muß,must
freuen,be happy
engel,Angel
offenbar,apparently
gelegenheit,opportunity
fang,catch
lüge,lie
ohren,ears
au,au
angetan,impressed
beeil,hurry
brechen,break
brüder,brothers
zeitpunkt,time
keinem,none
ecke,corner
brücke,bridge
druck,print
mitgebracht,brought with them
seufzt,sigh
date,date
haufen,heap
oma,granny
auftrag,order
leer,empty
entkommen,escape
bobby,Bobby
weißen,white
lösung,solution
wart,wart
pause,Break
irre,crazy
gestellt,placed
keller,"basement, cellar"
gebrochen,Broken
weinen,cry
nutzen,to use
wünschen,wish
fragt,asks
maul,mouth
verantwortung,responsibility
schloss,lock
hut,cap
lächeln,smile
ryan,ryan
red,red
grad,Degree
zweiten,second
hinaus,out of
mitkommen,come along
vorhin,beforehand
fahrt,drive
gemeint,meant
ernsthaft,seriously
gebaut,built -up
bombe,bomb
hasst,hate
versteh,understand
kosten,costs
zeige,show
traf,met
eigenes,own
haar,hair
fragte,asked
jason,Jason
operation,surgery
befehle,commands
schmerzen,pains
erklärt,explained
steve,Steve
dach,roof
folge,consequence
gelaufen,ran
schwarze,black
dankbar,thankful
gehirn,brain
töte,killing
mädels,girls
mut,courage
heilige,holy
laura,Laura
tier,animal
system,system
mannes,man
wahnsinn,craziness
nee,no
rose,rose
club,club
geschlossen,closed
hintern,butt
is,is
thema,theme
fiel,fell
gehalten,held
dorthin,there
urlaub,vacation
steig,climb
vorwärts,forward
überprüfen,check over
besseres,better
beweis,proof
baum,tree
gebt,giving
funktionieren,function
anscheinend,apparently
lehrer,teacher
hoffen,hope
bessere,better
isst,eats
nachmittag,afternoon
nem,nem
risiko,risk
chuck,chuck
knast,jail
entschuldigt,sorry
gilt,is applicable
held,hero
daraus,from this
erstes,first
fräulein,young lady
rachel,revenge
prima,fine
brauchte,needed
gewalt,force
dean,dean
liebes,Dear
schaffst,manage
nachdenken,ponder
tor,goal
erfahrung,experience
pläne,plans
jagen,to hunt
katze,cat
runde,round
deutsche,German
schwanz,tail
taten,deeds
lord,lord
dringend,urgent
commander,commander
großvater,grandfather
sommer,summer
gezeigt,shown
hinterlassen,leave behind
gewissen,conscience
getrunken,drunk
wahre,real
luke,hatch
kunden,customers
kate,Kate
zeugen,witness
geplant,planned
amanda,amanda
erreicht,reached
stören,disturb
stein,stone
atmen,breathe
hose,trousers
weiße,white
sprichst,speak
größer,greater
schickt,send
city,City
prinz,prince
behandelt,treated
tote,dead
überlegen,consider
karten,cards
it,IT
d,D
restaurant,restaurant
welchem,which
roger,Roger
natur,nature
carter,carter
emily,Emily
mami,mommy
verschwindet,disappears
lautet,is the case
streit,dispute
küssen,kiss
sprich,speaking
längst,a long time ago
fängt,catches
drüber,over it
gingen,went
erlaubt,permitted
einzigen,single
bad,bath
schmeckt,tastes
kugel,bullet
normalerweise,normally
schwarzen,black
rauf,up
flug,flight
beruhigen,calm
walter,Walter
halbe,half
dan,Dan
geschieht,happens
einiges,some
entdeckt,discovered
morgens,In the morning
schlechter,worse
vollkommen,completely
gelogen,lied
verfolgt,tracked
college,college
weiteren,further
chris,chris
louis,louis
eh,eh
schwert,sword
hunde,dogs
steigen,climb
verdammter,damn
dürfte,should
riecht,smells
labor,laboratory
bat,bat
tim,Tim
arthur,arthur
mindestens,at least
fisch,fish
eurem,of your
füße,feet
stehst,stand
erschießen,shoot
kuchen,cake
versuchte,tried
zustand,condition
wunsch,wish
gäste,Guests
erwähnt,mentioned
farbe,color
van,van
einigen,agree
zufall,coincidence
garten,garden
junger,younger
autos,cars
abgesehen,beyond
fair,fair
vertraut,trusted
koffer,suitcase
hieß,was called
kurs,course
wirkt,acts
idioten,idiot
netter,nicer
seitdem,since
angegriffen,attacked
geschichten,stories
wahnsinnig,insane
ähnlich,similar
lily,lily
aufgeben,give up
england,England
entführt,kidnapped
ms.,MS.
mistkerl,maneuver
solchen,such
ner,ner
geschossen,shot
lager,camp
besprechen,discuss
reihe,row
polizisten,police officers
vogel,bird
legt,places
strand,beach
amerikaner,American
schwarz,black
fern,remote
fick,fuck
scherz,hoax
san,San
erzählte,told
wichser,wanker
jake,jake
langweilig,boring
womit,by which
geschäfte,businesses
my,my
kapiert,Got it
nachher,afterward
verlangt,requested
schlägt,beats
überzeugt,convinced
irgendjemand,Someone
rot,red
soldat,soldier
vorbereitet,prepared
geschah,happened
reisen,travel
termin,meeting
gang,corridor
stehlen,steal
rechte,right
rache,revenge
bemerkt,noticed
frankreich,France
stört,disturbs
radio,radio
beruhige,calm down
pferde,horses
vertrag,contract
arbeitest,worker
dienst,service
zählt,counts
fragst,asking
wesen,beings
bürgermeister,mayor
emma,Emma
fluss,flow
woran,what
geblieben,remained
durcheinander,mixed up
me,me
ted,ted
nette,nice
test,test
mister,mister
dadurch,through this
direktor,director
wichtiger,more important
kevin,Kevin
scott,scott
karriere,Career
akte,file
erinnerung,memory
großmutter,grandmother
erzähle,tell
lösen,solve
bravo,Bravo
griff,handle
verfolgen,pursue
zweifel,doubt
such,search
sprache,language
nerven,annoy
officer,officer
andy,Andy
langer,longer
ziehe,pull
entlassen,fire
zweimal,twice
abholen,pick up
washington,Washington
kollegen,colleagues
doc,Doc
fass,barrel
szene,scene
robin,Robin
scheinen,seem
bösen,nourish
schaffe,creation
pflicht,duty
wache,guard
neulich,recently
beeilen,hurry
knie,knee
alice,Alice
lauter,volume up
spannende,exciting
unschuldig,innocent
folgt,follows
schutz,protection
weshalb,for what reason
geheiratet,got married
woanders,somewhere else
wurdest,navigation
kuss,kiss
verhindern,impede
erklärung,explanation
video,Video
rom,Rome
klug,smart
kräfte,forces
verlangen,demand
außerhalb,outside of
opa,Grandpa
selbstverständlich,of course
aufstehen,stand up
hassen,to hate
pete,Pete
gebrauchen,use
geglaubt,believed
milch,milk
trink,drink
gefeuert,fired
erinnerungen,memories
müssten,would have to
suchst,look for
fährst,ride
kochen,cook
schwach,weak
schreibt,writes
schulden,debts
hinein,in
simon,Simon
grenze,border
braut,bride
gebraucht,needed
peinlich,awkward
klappt,works
geheimnisse,secrecy
joey,joey
aufmerksamkeit,attention
form,shape
umsonst,for free
kennenzulernen,get to know
überlebt,survived
nirgendwo,nowhere
meilen,miles
einfacher,easier
blöde,stupid
mond,moon
ergibt,results in
daten,data
merken,notice
schande,shame
fuck,fuck
fühlte,felt
jenny,Jenny
sieg,victory
satt,Fed up
blödsinn,nonsense
adam,Adam
lisa,lisa
pfund,Pound
handeln,act
lois,loan
enden,end up
warm,warm
raten,advise
übersetzung,translation
kunst,art
kapitän,captain
desto,the more
einsatz,mission
schweigen,be silent
krankheit,illness
toller,great
schatten,the shade
wachen,wake up
tatsache,fact
eric,Eric
stock,floor
chief,chief
hingehen,go there
verboten,forbidden
gäbe,god
anzug,men's suit
leichen,corpses
high,high
beendet,completed
freitag,Friday
million,million
verflucht,cursed
dunkel,dark
geb,born
enttäuscht,disappointed
klopfen,beat
spuren,sense
dreck,dirt
seiten,pages
mühe,effort
gezogen,pulled
brian,Brian
kontrollieren,check
knochen,bone
schick,chic
getrennt,separated
programm,program
grab,dig
ebenso,as well
trage,sluggish
nachbarn,neighbors
bieten,offer
bestes,best
elizabeth,Elizabeth
fuhr,drove
verlässt,leaves
freundlich,friendly
dennoch,nonetheless
rauchen,smoking
dick,thick
stuhl,chair
dreh,rotation
bester,best
schicke,chic
vergeben,forgive
ausgehen,go out
behandeln,treat
trotz,despite
gast,guest
ändert,changes
passierte,passed
toilette,Toilet
annehmen,assume
herzlichen,cordial
hexe,witch
erwachsen,adult
jerry,Jerry
pistole,gun
saß,sat
dreht,turns
aussage,expression
liebte,loved
street,street
genießen,enjoy
eifersüchtig,jealous
derjenige,the one
teuer,expensive
leo,Leo
zähne,teeth
beobachtet,observed
gentlemen,gentlemen
wählen,choose
helft,help
fliegt,flies
theater,theatre
regen,rain
feinde,enemies
william,William
erlauben,allow
zulassen,to permit
schnappen,snap
komplett,completely
panik,panic
flughafen,airport
bewusst,consciously
deutschen,German
voraus,in advance
sterbe,die
solltet,should
begleiten,accompany
einander,each other
fred,fred
erlebt,experienced
weiterhin,furthermore
stärker,stronger
fahrer,driver
konzentrieren,focus
streiten,fight
angeht,matters
selben,the same
star,star
überzeugen,convince
alkohol,alcohol
übersetzt,translated
verrückte,crazy
lch,lch
king,king
begann,started
angenommen,assumed
weitermachen,keep going
echter,real
jackson,Jackson
post,post
mitgenommen,withdrawn
botschaft,message
ideen,ideas
fehlen,miss
aufgeregt,upset
selbstmord,Suicide
dumme,stupid
zurückkommen,Come back
irgendein,any
magie,magic
phil,phil
schlage,stroke
handelt,act
treffe,meet
untersuchen,investigate
flucht,escape
verliert,losing
irgendeine,any
gegenteil,opposite
betrifft,regards
scharf,sharp
gehofft,hoped
kennengelernt,got to know
schlimmste,worst
projekt,Project
trottel,Fool
immerhin,anyway
mehrere,several
erwarte,expect
mochte,would like
schwimmen,to swim
zählen,to count
innerhalb,within
matt,frosted
blind,blind
schwestern,sisters
code,code
alan,alan
schlau,clever
absicht,intention
barry,barry
spielst,play
zuletzt,last
oliver,Oliver
art.,Art.
englisch,English
ohr,ear
verletzen,injure
song,song
schüler,pupils
schien,seem
gewinnt,wins
älter,older
merkwürdig,unusual
judy,Judy
vermisse,miss
größe,size
tritt,kick
trauen,trust
präsidenten,president
trick,trick
harvey,Harvey
doug,though
roten,redden
überlegt,careful
größten,biggest
sonntag,Sunday
zwölf,twelve
vorstellung,performance
schrieb,wrote
reinkommen,get in
killer,killer
unterstützung,support
antun,do
rechnung,invoice
dieselbe,the same
verändern,change
möglicherweise,possibly
definitiv,definitive
locker,relaxed
ed,ED
vincent,vincent
ums,around
abends,at evening
frisch,fresh
kohle,money
fing,caught
hure,whore
cousin,cousin
familien,Familys
einsam,lonely
lebendig,lively
heiligen,sacred
knapp,meager
ebenfalls,also
überprüft,checked
artikel,article
gesetzt,set
jederzeit,at any time
kompliziert,complicated
spüren,sense
signal,signal
amy,Amy
stich,Sting
kino,movie theater
probieren,try out
tode,Deaths
wundervoll,wonderful
tanz,dance
geöffnet,open
kerle,guy
begraben,to bury
prozent,percent
stoppen,to stop
hoheit,sovereignty
riesen,Giants
rote,Red
zugang,access
liest,reads
vorn,front
wichtige,important
aufmachen,open up
kelly,Kelly
sexy,sexy
erlaubnis,permission
grace,grace
big,big
story,story
madam,madam
leichter,lighter
halben,half
filme,films
priester,priest
herauszufinden,find out
packen,pack
dritte,third
inzwischen,in the meantime
larry,larry
presse,Press
sitze,seats
machten,made
geklaut,Stolen
helden,hero
susan,Susan
geduld,patience
bühne,stage
reparieren,repair
hä,huh
usa,USA
gerechtigkeit,justice
fälle,cases
selten,rarely
anrufe,Calls
unterschreiben,sign
julia,Julia
drücken,press
mrs,MRS
lügner,liar
endet,ends
dave,Dave
medizin,medicine
schreibe,write
verhaften,to arrest
prozess,process
samstag,Saturday
amen,Amen
motor,engine
marie,Marie
abhauen,run away
chaos,chaos
schönheit,beauty
beinahe,nearly
lebst,live
tolles,great
anhalten,stop
fremden,strange
hof,court
akzeptieren,accept
norden,north
ärzte,doctors
anziehen,put on 
dingen,things; matters
umgehen,evade
bauch,belly
gesamte,entire
hübsche,pretty
ertragen,bear
kiste,box
brennt,burning
teile,parts
deckung,cover
landen,land
berg,mountain
straßen,street
aufgenommen,recorded
gerufen,called
untersuchung,investigation
alarm,alarm
blieb,remained
vertraue,trust
extra,extra
entspann,relaxed
beobachten,observe
eindruck,impression
tschüs,bye
babys,Babies
wehtun,hurt
zog,pulled
iss,eat
herrgott,god
echten,real
springen,jump
nackt,naked
existiert,existed
befreien,to free
gerät,device
montag,Monday
gezwungen,forced
perfekte,perfect
erzählst,telling
bastard,bastard
interessieren,interest
schlechten,bad
hank,hank
steigt,increases
st.,st.
on,on
carl,carl
gekriegt,scratched
fliehen,flee
trug,wore
freundschaft,Friendship
rate,rate
papiere,papers
abgeschlossen,completed
schnauze,snout
beruf,profession
gebiet,area
jeff,Jeff
jedoch,however
beten,pray
verbunden,tied together
sprachen,languages
verräter,traitor
wichtigste,most important
prost,Bottom up
brust,breast
aufgehört,stopped
kleider,dresses
jacke,jacket
bestellt,ordered
herkommen,come here
wild,wild
nenne,call
angesehen,viewed
zuhören,listen
trennen,separate
schlafzimmer,bedroom
vorschlag,suggestion
meins,mine
gift,poison
ton,volume
vermissen,miss
angekommen,arrived
beantworten,respond
deutlich,clearly
träumen,dream
verwirrt,confused
akten,files
riskieren,take risk
b,B
victor,Victor
find,find
erkannt,recognized
beerdigung,burial
müll,garbage
weisst,know
möge,may
stellte,stood
mitte,center
erleben,experience
geburt,birth
decke,ceiling
ch00ffff,ch00ffff
wege,ways
schritte,steps
gibts,there is
gemeldet,reported
hilfst,help
mittagessen,lunch
weint,cries
vernichten,destroy
rock,skirt
chicago,Chicago
ellen,ellen
crew,crew
roy,roy
türen,doors
gewehr,gun
elena,Elena
arbeitete,worked
spiegel,mirror
hauen,hit
geraten,devices
dritten,third
ross,Horse
julie,Julie
wetter,weather
schwul,gay
regel,rule
befindet,located
einheit,unit
german,German
armer,poor
gucken,look at
anstatt,instead of
champagner,champagne
gründe,reasons
strafe,penalty
smith,Smith
öfter,more often
anne,Anne
zelle,cell
langen,long
altes,old one
ruiniert,ruined
jonathan,Jonathan
kleidung,clothing
gras,grass
kenn,know
agenten,agent
herausgefunden,found out
annie,Annie
rechten,right
brot,bread
berlin,Berlin
erfreut,delighted
lügt,lies
nehm,take
harte,hardness
staaten,states
station,station
gaben,gifts
hinterher,after
verpassen,miss
geholt,fetched
jesse,Jesse
hemd,shirt
trinke,drink
klären,clear up
praktisch,practical
theorie,theory
zunge,tongue
notfall,emergency
besseren,better
winter,winter
c,C
versuchst,attempted
dahinter,behind it
schwere,severity
feuern,to fire
lucy,luca
schießt,shoot
anführer,leader
schief,wrong
blau,blue
bestens,best
wartest,waiting
gehts,go
morgan,Morgan
unrecht,wrong
leck,leak
wonach,what
entwickelt,developed
bedeutung,meaning
strom,electricity
krebs,cancer
gemein,mean
wessen,know
minister,minister
lhnen,wage
quelle,source
zahl,number
schiffe,Ships
schüsse,shots
bricht,breaks
talent,talent
spitze,top
fernseher,TV
treiben,to drive
ausgezeichnet,excellent
tatort,crime scene
möglichkeiten,possibilities
trinkt,drink
esse,eat
cop,cop
details,details
täter,perpetrator
wahren,faith
dieb,thief
offiziell,officially
dienen,serve
westen,west
entscheidungen,decisions
dauernd,constant
geschmack,taste
gegenseitig,mutual
gewählt,chosen
charlotte,Charlotte
pech,bad luck
verteidigen,defend
schauspieler,actor
personen,persons
überlassen,leave
publikum,audience
trägst,wearing
wechseln,exchange 
begegnet,met
betrogen,cheated
besucht,visited
vertrau,confidence
europa,Europe
carrie,carrie
patrick,Patrick
deutschland,Germany
süßer,cutie pie
loswerden,Get rid of
melde,report
maggie,Maggie
bestätigt,confirmed
gas,gas
sturm,storm
setze,setting
briefe,letters
,#VALUE!
penny,penny
schlafe,sleep
wirken,works
geführt,guided
starten,start
götter,gods
festhalten,hold onto
geheim,secret
übergeben,hand over
cia,CIA
abteilung,department
papier,paper
wetten,betting
gefolgt,followed
verschiedene,different
gleichzeitig,simultaneously
genie,genius
hungrig,hungry
inspektor,inspector
zwingen,force
atmet,breath
kuh,cow
unterstützen,support
geworfen,thrown
verlor,lost
süden,south
pater,faster
menschheit,humanity
versteck,hiding place
tötete,killed
fähigkeiten,capabilities
beruhigt,calmed down
rechtzeitig,punctual
streng,severe
sendung,broadcast
gelebt,lived
treppe,stairs
kim,kim
richtiger,more correctly
aufnehmen,to record
wolf,wolf
pa,Pa
öffnet,opens
dämon,demon
wut,fury
schlange,line
medikamente,medication
geschenkt,gifted
nenn,call
gelegt,placed
anfassen,touch
pizza,Pizza
schlechtes,bad
hütte,hut
mantel,a coat
behauptet,alleged
kilometer,kilometre
beeilung,hustle and bustle
angeblich,allegedly
reiten,ride
helen,Helen
mittag,midday
gewarnt,warned
wohne,live
las,read
dunkelheit,Darkness
spazieren,stroll
angel,fishing rod
hiermit,herewith
schließt,closes
phoebe,phoebe
vieles,a lot
erfüllt,Fulfills
tausend,thousand
sack,bag
eindeutig,clearly
unterhaltung,entertainment
gründen,found
km,km
zugeben,admit
mittel,middle
explosion,explosion
gefangenen,prisoner
taylor,Taylor
frische,freshness
verdächtigen,suspect
neugierig,curious
leitung,management
kennenlernen,get to know
fliege,Fly
lebte,lived
menschliche,human
anderem,other
auseinander,apart
fressen,wolf down
beides,both
ficken,fuck
stoff,material
spüre,feel
eilig,in a hurry
stammt,comes
vorgestellt,presented
linda,Linda
welch,what
wichtiges,important
no,NO
gehörte,heard
mhm,mhm
glaubte,believed
oberst,colonel
schrank,wardrobe
fremde,stranger
gnade,grace
chloe,chloe
yo,yo
entspannen,relax
virus,virus
schläfst,sleep
einladung,invitation
krieger,warrior
vernünftig,reasonable
fein,fine
greifen,grasp
whoa,whoaa
kyle,kyle
schickte,sent
per,by
mitglied,member
einziger,only
umzubringen,kill
zurückkehren,to return
feld,field
mexiko,Mexico
erschaffen,create
information,information
hergekommen,came here
beweg,movement
stärke,strength
vermögen,assets
verbracht,spent
gewisse,certain
waschen,wash
howard,Howard
staat,Country
geister,ghost
behaupten,assert
schrei,Scream
würdet,would
vögel,birds
warnen,to warn
albert,albert
chancen,opportunities
treibt,drives
nannte,called
vermute,suspect
mitternacht,midnight
jones,Jones
freundinnen,girlfriend
lecker,yummy
klinik,clinic
dicht,densely
befinden,condition
ließen,leave
bürger,citizens
verursacht,caused
hammer,hammer
klang,sound
internet,Internet
aufregend,exciting
grenzen,boundaries
politik,politics
superman,superman
zurecht,rightly
besitz,possession
cops,cops
eingesperrt,locked
irren,be wrong
kommando,command
schlug,struck
krankenwagen,ambulance
love,love
öffne,open
karen,Karen
richten,judge
mademoiselle,Mademoiselle
erfunden,invented
schnee,snow
fühl,feel
behalte,keep
beschützt,protected
punkte,Points
entfernen,removed
abgehauen,escape
geträumt,dreamy
stefan,Stefan
dämonen,demons
tränen,tears
erfolgreich,successful
volle,full
wilson,Wilson
caroline,Caroline
höher,higher
happy,happy
brille,glasses
musstest,might
heimat,hometown
terry,terry
liebsten,loved one
bye,bye
leiter,director
sean,Sean
kauf,purchase
spinnst,crash
werk,plant
cent,cent
schlacht,battle
beziehungen,Relationships
abgemacht,made
schreie,scream
hmm,hmm
bestätigen,confirm
erschreckt,frightened
offizier,officer
that,that
sara,Sara
affäre,affair
empfangen,receive
zweck,purpose
kämpfe,battles
ergeben,result
china,China
fange,cunning
häuser,Houses
verliere,lose
gedanke,thought
tausende,thousands
heutzutage,nowadays
gefühlt,felt
schnitt,cut
carlos,Carlos
harold,Harold
lebend,live
real,real
holz,wood
kaiser,Emperor
spielte,played
begonnen,began
ziehst,pull
gelandet,landed
scheidung,divorce
bart,beard
beschlossen,decided
klo,loo
riechen,smell
vergisst,forgets
begeistert,enthused
ei,egg
durchs,through
geil,cool
nieder,low
erkläre,explain
schreckliche,terrible
beeindruckt,impressed
vince,vince
aufgegeben,given up
aufgrund,because of
momentan,at the moment
solch,such
meistens,mostly
stress,stress
sterne,Stars
heilen,heal
soviel,so much
kannten,knew
stattdessen,instead of this
aye,Aye
dinger,things
stimmung,mood
bulle,bull
aufgefallen,noted
kämpft,fights
geräusch,noise
künstler,Artist
wachsen,grow
verurteilt,sentenced
himmels,heavenly
tyler,tyler
urteil,verdict
schweine,pigs
nettes,nice
house,house
verlust,loss
verließ,left
wirf,throw
wenige,few
willie,Willie
schulter,shoulder
kalifornien,California
lernt,learns
beigebracht,taught
normale,normal
anbieten,offer
verwenden,use
gratuliere,congratulate
fluch,curse
rick,rick
übers,about
grün,green
unterricht,instruction
dachtest,thought
verarschen,foolish
gewöhnt,used
anklage,accusation
tollen,go to
lippen,lips
fett,fat
lege,lay
feigling,coward
achten,regard
gary,Gary
erfährt,experienced
gewohnt,used
jessica,Jessica
äußerst,extremely
einladen,invite
käse,cheese
aufwachen,awaken
verfügung,disposal
uniform,uniform
zusehen,watch
board.tv4user.de,board.tv4user.de
gesundheit,health
abenteuer,adventure
hosen,pants
kurze,short
scheck,check
täglich,daily
fresse,freight
übernehme,take over
wiederholen,repeat
bestellen,order
freiwillig,voluntarily
cole,cole
universum,universe
zeuge,witness
west,west
marshall,Marshall
fähig,capable
revier,territory
reifen,tires
mum,mum
führe,lead
durchgemacht,through
tests,Testing
führte,led
schenken,give a gift
schädel,skull
realität,reality
april,April
albern,silly
brav,well-behaved
schwerer,heavier
jagd,hunt
versagt,failed
truck,truck
steckst,stuck
geschenke,gifts
sicherlich,surely
öffentlichkeit,Publicity
merkt,notes
verbrecher,criminal
maske,mask
verstärkung,reinforcement
liefern,delivery
jo,jo
starke,strength
grunde,reasons
gordon,Gordon
würd,would
verschwand,disappeared
schulde,owe
russen,Russians
führer,leader
gemerkt,noted
ciao,ciao
loslassen,let go
berichten,to report
verabschieden,say goodbye
antrag,application
schieß,shooting
abby,abby
benehmen,behavior
verdacht,suspicion
hübsches,pretty
schreibtisch,desk
e,E
vampir,vampire
rory,rory
probe,sample
schaff,skimming
verzeih,forgive
patient,patient
geküsst,kissed
ertönt,sinking
nahmen,took
zahlt,pays
vorbereiten,prepare
verbrannt,burnt
verdammtes,damn
frankie,Frankie
informiert,informed
einziges,only
zucker,sugar
stinkt,smells bad
schnappt,snaps
schreib,write
standen,stood
klamotten,threads
heil,unhurt
besitzer,owner
marcus,Marcus
tess,tess
drum,drum
tasse,Cup
hinweis,a notice
verteidigung,defense
lügst,lump
lies,lies
magen,stomach
enterprise,enterprise
michelle,Michelle
beeilt,hurried
tunnel,tunnel
einst,once
behandlung,treatment
serie,series
applaus,applause
markt,market
korrekt,correctly
besessen,obsessed
bewahren,maintain
nr.,No.
pack,pack
gekämpft,fought
black,black
angreifen,attack
tiefer,deeper
huh,huh
truppen,troops
kommandant,commander
osten,east
elf,eleven
beeindruckend,impressive
besitzt,has
ho,HO
heut,today
clever,clever
verrückten,crazy
freien,free
hass,hate
antworte,response
posten,Post
schneiden,cut
sammeln,collect
gesteckt,stuck
wissenschaft,science
ursache,cause
gewiss,certainly
bereich,area
catherine,Catherine
meinetwegen,because of me
l.a.,L.A.
senator,senator
ausziehen,get undressed
verzweifelt,desperate
jess,Jess
anteil,portion
stets,always
ritter,knight
viertel,quarter
roman,novel
pünktlich,punctual
erfüllen,fulfill
kauft,buys
molly,Molly
basis,Base
eva,Eva
schock,shock
empfang,reception
wiederhole,repeat
wünscht,wish
besondere,special
titel,title
stil,style
fingerabdrücke,fingerprints
einfluss,influence
anweisungen,instructions
zahle,pay
shield,shield
opfern,sacrifice
blaue,blueness
sparen,save
weiteres,additional
gehörst,belonging
farm,farm
erstaunlich,astonishing
schwachsinn,nonsense
miete,rent
verwandelt,transformed
daneben,Besides
klaus,Klaus
bereiten,prepare
wüste,desert
prüfen,test
gabe,gift
hundert,hundred
erscheinen,appear
laß,let
besiegen,defeat
verpiss,piss
umständen,circumstances
angelegenheit,matter
landes,country
dienstag,Tuesday
folgendes,the following
fürchten,to fear
mordes,murder
nennst,call
angestellt,employed
training,training
aufgetaucht,popped up
rausfinden,find out
ächzt,groan
rauskommen,get out
planet,planet
suppe,soup
erwischen,catch
sitz,Seat
johnson,Johnson
vorteil,advantage
for,for
rosa,pink
tour,trip
amerikanische,American
schönste,most beautiful
rufst,call
berührt,touched
französisch,French
gouverneur,governor
angeles,Angeles
kaufe,buy
stern,star
gedächtnis,memory
wirklichkeit,reality
bestraft,fined
kreis,circle
reine,pure
edward,Edward
schlimmes,bad
bestehen,consist
jeannie,jeannie
erscheint,appearing
staatsanwalt,prosecutor
ewigkeit,eternity
störung,disturbance
hässlich,ugly
lauft,runs
angezogen,attracted
señor,Señor
half,half
sollt,should
martha,Martha
tiger,tiger
zigarette,Cigarette
mutig,brave
ausruhen,relax
andrew,Andrew
linken,left
hauptmann,captain
umstände,circumstances
not,need
unglück,bad luck
eng,closely
white,white
lucas,Lucas
üben,practice
wissenschaftler,scientist
gelöst,solved
reaktion,reaction
morde,murders
dusche,shower
mitarbeiter,employees
your,your
bedroht,threatened
gehöre,belong
befreit,freed
stöhnen,moan
reagiert,reacted
identität,identity
rund,around
texas,Texas
fieber,fever
hirn,brain
leiten,lead
donnerstag,Thursday
leonard,Leonard
unheimlich,scary
mulder,mulder
jahrhundert,century
irgend,at some point
diener,servant
bruce,bruce
extrem,extreme
ausweis,ID
sicht,view
sport,Sports
juden,Jew
studiert,educated
angelogen,lied
schaue,look
little,little
sally,Sally
text,text
earl,earl
nebenan,next door
todd,dead
lektion,lesson
mäuse,mice
staub,dust
sophie,sophie
kugeln,ball
dutzend,dozen
ratte,rat
mitleid,sympathy
testen,testing
auftritt,appearance
gegner,opponent
joseph,Joseph
verdienst,earnings
langsamer,slower
wunde,wound
linie,line
bedrohung,threat
bauer,Farmer
kurzem,short
fische,fish
einkaufen,shopping
kreuz,cross
afrika,Africa
begangen,committed
el,tin
nachsehen,check
junior,junior
bäume,trees
leidenschaft,passion
geliebte,Lover
bereuen,regret
spieler,player
berge,mountains
verwendet,used
steuern,steer
gekümmert,carelessly
voran,Ahead
wieviel,how much
barney,Barney
graf,graf
verabredung,appointment
verlasse,leave
überfallen,attack
donna,donna
umdrehen,turn around
damon,demon
kilo,kilo
diego,Diego
negativ,negative
schild,sign
tanzt,dances
verbrennen,burn
gefreut,delighted
penner,Jerk
blauen,blue
jay,Jay
stücke,pieces
angela,Angela
kühlschrank,refrigerator
identifizieren,identify
lehrerin,teacher
francisco,francisco
kameras,cameras
zentrale,headquarters
jäger,Hunter
josh,Josh
wayne,way
wenden,turn around
we,WE
holst,wobble
suchte,searched
start,begin
füßen,feet
unglücklich,unhappy
frohe,happy
sand,sand
pfarrer,pastor
plus,plus
nancy,Nancy
brachten,brought
zauber,magic
berühren,touch
rückkehr,return
hafen,harbor
indianer,Indian
miller,miller
verschwenden,waste
untersucht,examined
königs,King's
jean,Jean
lese,reading
stahl,steel
hättet,would have
affen,monkey
worten,words
kindheit,childhood
gewollt,wanted
op,surgery
vermeiden,avoid
fabrik,factory
aussagen,testify
wunderbare,wonderful
grandpa,Grandpa
miststück,bitch
verrückter,crazy
lane,lane
jungfrau,Virgo
einfache,simple
nate,Nate
laufe,run
reingelegt,pledged
seltsame,strange
heiratet,married
angenehm,pleasant
daheim,home
planen,to plan
klauen,to steal
geruch,odor
marty,marty
klingen,sound
tina,Tina
nächster,nearest
hörten,heard
jackie,jackie
trafen,met
ungern,hastily
abgelehnt,rejected
erstens,first
abmachung,agreement
appetit,appetite
miami,Miami
zeigte,showed
fan,fan
hohen,high
alf,alf
ladys,lady
sms,SMS
verkauf,sale
jamie,Jamie
verbergen,hide
sorgt,worried
karl,Karl
sohnes,son
berühmt,famous
aussteigen,exit
bonnie,Bonnie
ginge,would go
reingehen,go in
durfte,could
korrektur,correction
wirft,throws
titten,tits
betreten,enter
todes,death
one,one
doctor,Doctor
blöden,stupid
miles,miles
rausholen,get out
hohe,height
aufnahme,recording
by,by
holmes,holmes
hübscher,prettier
vegas,Vegas
manager,Manager
stellung,position
höhle,cave
schokolade,chocolate
angeboten,offered
befreundet,friendly
weib,woman
ausgerechnet,of all things
walker,walker
beibringen,teach
nelson,Nelson
ex,ex
belohnung,reward
seelen,soul
steine,stones
garage,garage
scheißkerl,shit
gestört,disturbed
cooper,cooper
ruhen,rest
pillen,pills
gepäck,baggage
carol,carol
norman,Norman
zoe,zoe
amerikanischen,American
telefonieren,make a phone call
heirate,marriage
erkenne,recognize
funk,Wireless
grüß,greetings
hurensohn,son of a bitch
mögliche,possible
spring,jump
uni,University
scheinbar,seemingly
fakten,facts
informieren,inform
jugend,youth
feier,celebration
wenigen,few
söhne,sons
benzin,petrol
nix,nothing
vampire,vampires
erkennt,recognizes
sicherer,safer
zigaretten,cigarettes
dummes,stupid
mauer,wall
erneut,anew
flügel,wing
schluck,sip
hierbleiben,stay here
abschluss,diploma
christus,Christ
bezahle,pay
böses,bad
dummkopf,fool
gerüchte,rumors
eingestellt,set
m.,m.
weitergehen,go on
technik,technology
ali,ali
bezweifle,doubt
piper,piper
over,over
gekostet,tasted
anzeige,advertisement
wohnst,resident
hans,Hans
ergebnis,result
bedingungen,conditions